<?xml version="1.0" encoding="UTF-8"?>
<project-private xmlns="http://www.netbeans.org/ns/project-private/1">
    <editor-bookmarks xmlns="http://www.netbeans.org/ns/editor-bookmarks/2" lastBookmarkId="0"/>
    <open-files xmlns="http://www.netbeans.org/ns/projectui-open-files/2">
        <group>
            <file>file:/C:/Users/dvdung/Downloads/PRJ301/SE1899MVC/web/view/loginEmployee.jsp</file>
            <file>file:/C:/Users/dvdung/Downloads/PRJ301/SE1899MVC/src/java/controller/CustomerController.java</file>
            <file>file:/C:/Users/dvdung/Downloads/PRJ301/SE1899MVC/src/java/model/DAOCustomers.java</file>
            <file>file:/C:/Users/dvdung/Downloads/PRJ301/SE1899MVC/web/view/listEmployee.jsp</file>
            <file>file:/C:/Users/dvdung/Downloads/PRJ301/SE1899MVC/src/java/model/DAOEmployees.java</file>
            <file>file:/C:/Users/dvdung/Downloads/PRJ301/SE1899MVC/src/java/controller/EmployeeController.java</file>
            <file>file:/C:/Users/dvdung/Downloads/PRJ301/SE1899MVC/web/view/listCustomer.jsp</file>
        </group>
    </open-files>
</project-private>
